{
  "model": {
    "type": "minecraft:condition",
    "on_false": {
      "type": "minecraft:model",
      "model": "minecraft:item/potion",
	  "tints": [
      {
        "type": "minecraft:potion",
        "default": -13083194
      }
    ]
    },
    "on_true": {
      "type": "minecraft:range_dispatch",
      "entries": [
		{
          "model": {
            "type": "minecraft:model",
            "model": "minecraft:item/potion_0",
			"tints": [
			  {
				"type": "minecraft:potion",
				"default": -13083194
			  }
			]
          },
          "threshold": 0.33
        },
        {
          "model": {
            "type": "minecraft:model",
            "model": "minecraft:item/potion_1",
			"tints": [
			  {
				"type": "minecraft:potion",
				"default": -13083194
			  }
			]
          },
          "threshold": 0.66
        },
        {
          "model": {
            "type": "minecraft:model",
            "model": "minecraft:item/potion_2",
			"tints": [
			  {
				"type": "minecraft:potion",
				"default": -13083194
			  }
			]
          },
          "threshold": 1.2
        }
      ],
      "fallback": {
        "type": "minecraft:model",
        "model": "minecraft:item/potion",
			"tints": [
			  {
				"type": "minecraft:potion",
				"default": -13083194
			  }
			]
      },
      "property": "minecraft:use_duration",
      "scale": 0.05
    },
    "property": "minecraft:using_item"
  }
}